{
    "pile": {
        "ce_loss": 2.220314405695379,
        "perplexity": 9.210226158270084,
        "n_tokens": 936338
    },
    "alpaca": {
        "ce_loss": 1.6088470799109313,
        "perplexity": 4.997046709919982,
        "n_tokens": 306589
    },
    "alpaca_custom_completions": {
        "ce_loss": 0.11787165334631097,
        "perplexity": 1.1250996993186648,
        "n_tokens": 36473
    }
}