{
    "pile": {
        "ce_loss": 2.0883626558998993,
        "perplexity": 8.071688207655695,
        "n_tokens": 936338
    },
    "alpaca": {
        "ce_loss": 1.5937289108603303,
        "perplexity": 4.922068706143326,
        "n_tokens": 306589
    },
    "alpaca_custom_completions": {
        "ce_loss": 0.11581307671710653,
        "perplexity": 1.1227859776758515,
        "n_tokens": 36413
    }
}